TYPE,DATE,START TIME,END TIME,USAGE,UNITS,COST,NOTES
Electric usage,2014-12-01,00:00,00:59,0.12,kWh,$0.01,
Electric usage,2014-12-01,01:00,01:59,0.5,kWh,$0.04,
Electric usage,2014-12-01,02:00,02:59,0.12,kWh,$0.01,
Electric usage,2014-12-01,03:00,03:59,0.18,kWh,$0.02,
Electric usage,2014-12-01,04:00,04:59,0.13,kWh,$0.01,
Electric usage,2014-12-01,05:00,05:59,0.16,kWh,$0.01,
Electric usage,2014-12-01,06:00,06:59,2.07,kWh,$0.18,
Electric usage,2014-12-01,07:00,07:59,0.12,kWh,$0.01,
Electric usage,2014-12-01,08:00,08:59,0.48,kWh,$0.04,
Electric usage,2014-12-01,09:00,09:59,0.09,kWh,$0.01,
Electric usage,2014-12-01,10:00,10:59,0.09,kWh,$0.01,
Electric usage,2014-12-01,11:00,11:59,0.09,kWh,$0.01,
Electric usage,2014-12-01,12:00,12:59,0.41,kWh,$0.04,
Electric usage,2014-12-01,13:00,13:59,0.09,kWh,$0.01,
Electric usage,2014-12-01,14:00,14:59,0.09,kWh,$0.01,
Electric usage,2014-12-01,15:00,15:59,0.09,kWh,$0.01,
Electric usage,2014-12-01,16:00,16:59,0.09,kWh,$0.01,
Electric usage,2014-12-01,17:00,17:59,0.09,kWh,$0.01,
Electric usage,2014-12-01,18:00,18:59,0.1,kWh,$0.01,
Electric usage,2014-12-01,19:00,19:59,1.04,kWh,$0.09,
Electric usage,2014-12-01,20:00,20:59,1.18,kWh,$0.1,
Electric usage,2014-12-01,21:00,21:59,0.33,kWh,$0.03,
Electric usage,2014-12-01,22:00,22:59,0.16,kWh,$0.01,
Electric usage,2014-12-01,23:00,23:59,0.12,kWh,$0.01,
Electric usage,2014-12-02,00:00,00:59,0.83,kWh,$0.07,
Electric usage,2014-12-02,01:00,01:59,0.1,kWh,$0.01,
Electric usage,2014-12-02,02:00,02:59,0.45,kWh,$0.04,
Electric usage,2014-12-02,03:00,03:59,0.1,kWh,$0.01,
Electric usage,2014-12-02,04:00,04:59,0.09,kWh,$0.01,
Electric usage,2014-12-02,05:00,05:59,0.11,kWh,$0.01,
Electric usage,2014-12-02,06:00,06:59,2.87,kWh,$0.25,
Electric usage,2014-12-02,07:00,07:59,1.31,kWh,$0.11,
Electric usage,2014-12-02,08:00,08:59,0.1,kWh,$0.01,
Electric usage,2014-12-02,09:00,09:59,0.46,kWh,$0.04,
Electric usage,2014-12-02,10:00,10:59,0.08,kWh,$0.01,
Electric usage,2014-12-02,11:00,11:59,0.08,kWh,$0.01,
Electric usage,2014-12-02,12:00,12:59,0.08,kWh,$0.01,
Electric usage,2014-12-02,13:00,13:59,0.42,kWh,$0.04,
Electric usage,2014-12-02,14:00,14:59,0.08,kWh,$0.01,
Electric usage,2014-12-02,15:00,15:59,0.08,kWh,$0.01,
Electric usage,2014-12-02,16:00,16:59,0.14,kWh,$0.01,
Electric usage,2014-12-02,17:00,17:59,0.12,kWh,$0.01,
Electric usage,2014-12-02,18:00,18:59,0.46,kWh,$0.04,
Electric usage,2014-12-02,19:00,19:59,1.13,kWh,$0.1,
Electric usage,2014-12-02,20:00,20:59,1.71,kWh,$0.15,
Electric usage,2014-12-02,21:00,21:59,0.4,kWh,$0.03,
Electric usage,2014-12-02,22:00,22:59,0.31,kWh,$0.03,
Electric usage,2014-12-02,23:00,23:59,0.61,kWh,$0.05,
Electric usage,2014-12-03,00:00,00:59,0.25,kWh,$0.02,
Electric usage,2014-12-03,01:00,01:59,0.25,kWh,$0.02,
Electric usage,2014-12-03,02:00,02:59,0.24,kWh,$0.02,
Electric usage,2014-12-03,03:00,03:59,0.6,kWh,$0.05,
Electric usage,2014-12-03,04:00,04:59,0.25,kWh,$0.02,
Electric usage,2014-12-03,05:00,05:59,1.72,kWh,$0.15,
Electric usage,2014-12-03,06:00,06:59,3.48,kWh,$0.3,
Electric usage,2014-12-03,07:00,07:59,0.41,kWh,$0.04,
Electric usage,2014-12-03,08:00,08:59,0.82,kWh,$0.07,
Electric usage,2014-12-03,09:00,09:59,0.6,kWh,$0.05,
Electric usage,2014-12-03,10:00,10:59,0.43,kWh,$0.04,
Electric usage,2014-12-03,11:00,11:59,0.4,kWh,$0.03,
Electric usage,2014-12-03,12:00,12:59,0.75,kWh,$0.06,
Electric usage,2014-12-03,13:00,13:59,0.38,kWh,$0.03,
Electric usage,2014-12-03,14:00,14:59,0.36,kWh,$0.03,
Electric usage,2014-12-03,15:00,15:59,0.34,kWh,$0.03,
Electric usage,2014-12-03,16:00,16:59,0.37,kWh,$0.03,
Electric usage,2014-12-03,17:00,17:59,0.34,kWh,$0.03,
Electric usage,2014-12-03,18:00,18:59,0.74,kWh,$0.06,
Electric usage,2014-12-03,19:00,19:59,0.32,kWh,$0.03,
Electric usage,2014-12-03,20:00,20:59,0.21,kWh,$0.02,
Electric usage,2014-12-03,21:00,21:59,0.22,kWh,$0.02,
Electric usage,2014-12-03,22:00,22:59,0.24,kWh,$0.02,
Electric usage,2014-12-03,23:00,23:59,0.24,kWh,$0.02,
Electric usage,2014-12-04,00:00,00:59,0.25,kWh,$0.02,
Electric usage,2014-12-04,01:00,01:59,0.24,kWh,$0.02,
Electric usage,2014-12-04,02:00,02:59,0.22,kWh,$0.02,
Electric usage,2014-12-04,03:00,03:59,0.62,kWh,$0.05,
Electric usage,2014-12-04,04:00,04:59,0.23,kWh,$0.02,
Electric usage,2014-12-04,05:00,05:59,0.24,kWh,$0.02,
Electric usage,2014-12-04,06:00,06:59,4.15,kWh,$0.36,
Electric usage,2014-12-04,07:00,07:59,1.17,kWh,$0.1,
Electric usage,2014-12-04,08:00,08:59,0.08,kWh,$0.01,
Electric usage,2014-12-04,09:00,09:59,0.42,kWh,$0.04,
Electric usage,2014-12-04,10:00,10:59,0.08,kWh,$0.01,
Electric usage,2014-12-04,11:00,11:59,0.08,kWh,$0.01,
Electric usage,2014-12-04,12:00,12:59,0.08,kWh,$0.01,
Electric usage,2014-12-04,13:00,13:59,0.42,kWh,$0.04,
Electric usage,2014-12-04,14:00,14:59,0.08,kWh,$0.01,
Electric usage,2014-12-04,15:00,15:59,0.08,kWh,$0.01,
Electric usage,2014-12-04,16:00,16:59,0.08,kWh,$0.01,
Electric usage,2014-12-04,17:00,17:59,0.08,kWh,$0.01,
Electric usage,2014-12-04,18:00,18:59,0.14,kWh,$0.01,
Electric usage,2014-12-04,19:00,19:59,0.97,kWh,$0.08,
Electric usage,2014-12-04,20:00,20:59,1.31,kWh,$0.11,
Electric usage,2014-12-04,21:00,21:59,0.45,kWh,$0.04,
Electric usage,2014-12-04,22:00,22:59,0.33,kWh,$0.03,
Electric usage,2014-12-04,23:00,23:59,0.32,kWh,$0.03,
Electric usage,2014-12-05,00:00,00:59,0.26,kWh,$0.02,
Electric usage,2014-12-05,01:00,01:59,0.25,kWh,$0.02,
Electric usage,2014-12-05,02:00,02:59,0.25,kWh,$0.02,
Electric usage,2014-12-05,03:00,03:59,0.65,kWh,$0.06,
Electric usage,2014-12-05,04:00,04:59,0.27,kWh,$0.02,
Electric usage,2014-12-05,05:00,05:59,1.55,kWh,$0.13,
Electric usage,2014-12-05,06:00,06:59,2.55,kWh,$0.22,
Electric usage,2014-12-05,07:00,07:59,1.6,kWh,$0.14,
Electric usage,2014-12-05,08:00,08:59,0.08,kWh,$0.01,
Electric usage,2014-12-05,09:00,09:59,0.46,kWh,$0.04,
Electric usage,2014-12-05,10:00,10:59,0.08,kWh,$0.01,
Electric usage,2014-12-05,11:00,11:59,0.08,kWh,$0.01,
Electric usage,2014-12-05,12:00,12:59,0.42,kWh,$0.04,
Electric usage,2014-12-05,13:00,13:59,0.13,kWh,$0.01,
Electric usage,2014-12-05,14:00,14:59,0.08,kWh,$0.01,
Electric usage,2014-12-05,15:00,15:59,0.08,kWh,$0.01,
Electric usage,2014-12-05,16:00,16:59,0.08,kWh,$0.01,
Electric usage,2014-12-05,17:00,17:59,0.08,kWh,$0.01,
Electric usage,2014-12-05,18:00,18:59,0.45,kWh,$0.04,
Electric usage,2014-12-05,19:00,19:59,0.08,kWh,$0.01,
Electric usage,2014-12-05,20:00,20:59,0.08,kWh,$0.01,
Electric usage,2014-12-05,21:00,21:59,0.08,kWh,$0.01,
Electric usage,2014-12-05,22:00,22:59,0.08,kWh,$0.01,
Electric usage,2014-12-05,23:00,23:59,0.33,kWh,$0.03,
Electric usage,2014-12-06,00:00,00:59,0.5,kWh,$0.04,
Electric usage,2014-12-06,01:00,01:59,0.34,kWh,$0.03,
Electric usage,2014-12-06,02:00,02:59,0.26,kWh,$0.02,
Electric usage,2014-12-06,03:00,03:59,0.67,kWh,$0.06,
Electric usage,2014-12-06,04:00,04:59,0.24,kWh,$0.02,
Electric usage,2014-12-06,05:00,05:59,0.23,kWh,$0.02,
Electric usage,2014-12-06,06:00,06:59,3.64,kWh,$0.31,
Electric usage,2014-12-06,07:00,07:59,0.28,kWh,$0.02,
Electric usage,2014-12-06,08:00,08:59,0.69,kWh,$0.06,
Electric usage,2014-12-06,09:00,09:59,2.06,kWh,$0.18,
Electric usage,2014-12-06,10:00,10:59,1.33,kWh,$0.11,
Electric usage,2014-12-06,11:00,11:59,0.72,kWh,$0.06,
Electric usage,2014-12-06,12:00,12:59,0.21,kWh,$0.02,
Electric usage,2014-12-06,13:00,13:59,1.63,kWh,$0.14,
Electric usage,2014-12-06,14:00,14:59,0.29,kWh,$0.02,
Electric usage,2014-12-06,15:00,15:59,1.18,kWh,$0.1,
Electric usage,2014-12-06,16:00,16:59,0.86,kWh,$0.07,
Electric usage,2014-12-06,17:00,17:59,0.82,kWh,$0.07,
Electric usage,2014-12-06,18:00,18:59,0.25,kWh,$0.02,
Electric usage,2014-12-06,19:00,19:59,0.44,kWh,$0.04,
Electric usage,2014-12-06,20:00,20:59,0.23,kWh,$0.02,
Electric usage,2014-12-06,21:00,21:59,0.27,kWh,$0.02,
Electric usage,2014-12-06,22:00,22:59,0.24,kWh,$0.02,
Electric usage,2014-12-06,23:00,23:59,0.23,kWh,$0.02,
Electric usage,2014-12-07,00:00,00:59,0.2,kWh,$0.02,
Electric usage,2014-12-07,01:00,01:59,0.57,kWh,$0.05,
Electric usage,2014-12-07,02:00,02:59,0.21,kWh,$0.02,
Electric usage,2014-12-07,03:00,03:59,0.22,kWh,$0.02,
Electric usage,2014-12-07,04:00,04:59,0.22,kWh,$0.02,
Electric usage,2014-12-07,05:00,05:59,0.24,kWh,$0.02,
Electric usage,2014-12-07,06:00,06:59,0.92,kWh,$0.08,
Electric usage,2014-12-07,07:00,07:59,2.22,kWh,$0.19,
Electric usage,2014-12-07,08:00,08:59,0.52,kWh,$0.04,
Electric usage,2014-12-07,09:00,09:59,0.81,kWh,$0.07,
Electric usage,2014-12-07,10:00,10:59,0.46,kWh,$0.04,
Electric usage,2014-12-07,11:00,11:59,2.23,kWh,$0.19,
Electric usage,2014-12-07,12:00,12:59,2.76,kWh,$0.24,
Electric usage,2014-12-07,13:00,13:59,1.25,kWh,$0.11,
Electric usage,2014-12-07,14:00,14:59,1.04,kWh,$0.09,
Electric usage,2014-12-07,15:00,15:59,0.48,kWh,$0.04,
Electric usage,2014-12-07,16:00,16:59,0.3,kWh,$0.03,
Electric usage,2014-12-07,17:00,17:59,0.64,kWh,$0.05,
Electric usage,2014-12-07,18:00,18:59,0.35,kWh,$0.03,
Electric usage,2014-12-07,19:00,19:59,1.44,kWh,$0.12,
Electric usage,2014-12-07,20:00,20:59,0.97,kWh,$0.08,
Electric usage,2014-12-07,21:00,21:59,0.33,kWh,$0.03,
Electric usage,2014-12-07,22:00,22:59,0.66,kWh,$0.06,
Electric usage,2014-12-07,23:00,23:59,0.25,kWh,$0.02,
Electric usage,2014-12-08,00:00,00:59,0.25,kWh,$0.02,
Electric usage,2014-12-08,01:00,01:59,0.25,kWh,$0.02,
Electric usage,2014-12-08,02:00,02:59,0.24,kWh,$0.02,
Electric usage,2014-12-08,03:00,03:59,0.25,kWh,$0.02,
Electric usage,2014-12-08,04:00,04:59,0.59,kWh,$0.05,
Electric usage,2014-12-08,05:00,05:59,0.26,kWh,$0.02,
Electric usage,2014-12-08,06:00,06:59,3.04,kWh,$0.26,
Electric usage,2014-12-08,07:00,07:59,2.33,kWh,$0.2,
Electric usage,2014-12-08,08:00,08:59,0.08,kWh,$0.01,
Electric usage,2014-12-08,09:00,09:59,0.48,kWh,$0.04,
Electric usage,2014-12-08,10:00,10:59,0.08,kWh,$0.01,
Electric usage,2014-12-08,11:00,11:59,0.08,kWh,$0.01,
Electric usage,2014-12-08,12:00,12:59,0.43,kWh,$0.04,
Electric usage,2014-12-08,13:00,13:59,0.08,kWh,$0.01,
Electric usage,2014-12-08,14:00,14:59,0.08,kWh,$0.01,
Electric usage,2014-12-08,15:00,15:59,0.15,kWh,$0.01,
Electric usage,2014-12-08,16:00,16:59,0.15,kWh,$0.01,
Electric usage,2014-12-08,17:00,17:59,0.5,kWh,$0.04,
Electric usage,2014-12-08,18:00,18:59,0.65,kWh,$0.06,
Electric usage,2014-12-08,19:00,19:59,0.81,kWh,$0.07,
Electric usage,2014-12-08,20:00,20:59,2.01,kWh,$0.17,
Electric usage,2014-12-08,21:00,21:59,1.6,kWh,$0.14,
Electric usage,2014-12-08,22:00,22:59,2.05,kWh,$0.18,
Electric usage,2014-12-08,23:00,23:59,0.52,kWh,$0.04,
Electric usage,2014-12-09,00:00,00:59,0.4,kWh,$0.03,
Electric usage,2014-12-09,01:00,01:59,0.24,kWh,$0.02,
Electric usage,2014-12-09,02:00,02:59,0.26,kWh,$0.02,
Electric usage,2014-12-09,03:00,03:59,0.58,kWh,$0.05,
Electric usage,2014-12-09,04:00,04:59,0.26,kWh,$0.02,
Electric usage,2014-12-09,05:00,05:59,0.28,kWh,$0.02,
Electric usage,2014-12-09,06:00,06:59,4.44,kWh,$0.38,
Electric usage,2014-12-09,07:00,07:59,0.73,kWh,$0.06,
Electric usage,2014-12-09,08:00,08:59,0.48,kWh,$0.04,
Electric usage,2014-12-09,09:00,09:59,0.09,kWh,$0.01,
Electric usage,2014-12-09,10:00,10:59,0.09,kWh,$0.01,
Electric usage,2014-12-09,11:00,11:59,0.45,kWh,$0.04,
Electric usage,2014-12-09,12:00,12:59,0.08,kWh,$0.01,
Electric usage,2014-12-09,13:00,13:59,0.09,kWh,$0.01,
Electric usage,2014-12-09,14:00,14:59,0.08,kWh,$0.01,
Electric usage,2014-12-09,15:00,15:59,0.14,kWh,$0.01,
Electric usage,2014-12-09,16:00,16:59,0.5,kWh,$0.04,
Electric usage,2014-12-09,17:00,17:59,0.16,kWh,$0.01,
Electric usage,2014-12-09,18:00,18:59,0.42,kWh,$0.04,
Electric usage,2014-12-09,19:00,19:59,0.78,kWh,$0.07,
Electric usage,2014-12-09,20:00,20:59,0.71,kWh,$0.06,
Electric usage,2014-12-09,21:00,21:59,1.46,kWh,$0.12,
Electric usage,2014-12-09,22:00,22:59,0.73,kWh,$0.06,
Electric usage,2014-12-09,23:00,23:59,0.6,kWh,$0.05,
Electric usage,2014-12-10,00:00,00:59,0.26,kWh,$0.02,
Electric usage,2014-12-10,01:00,01:59,0.59,kWh,$0.05,
Electric usage,2014-12-10,02:00,02:59,0.27,kWh,$0.02,
Electric usage,2014-12-10,03:00,03:59,0.26,kWh,$0.02,
Electric usage,2014-12-10,04:00,04:59,0.25,kWh,$0.02,
Electric usage,2014-12-10,05:00,05:59,0.41,kWh,$0.03,
Electric usage,2014-12-10,06:00,06:59,2.42,kWh,$0.21,
Electric usage,2014-12-10,07:00,07:59,2.37,kWh,$0.2,
Electric usage,2014-12-10,08:00,08:59,0.09,kWh,$0.01,
Electric usage,2014-12-10,09:00,09:59,0.49,kWh,$0.04,
Electric usage,2014-12-10,10:00,10:59,0.08,kWh,$0.01,
Electric usage,2014-12-10,11:00,11:59,0.08,kWh,$0.01,
Electric usage,2014-12-10,12:00,12:59,0.44,kWh,$0.04,
Electric usage,2014-12-10,13:00,13:59,0.08,kWh,$0.01,
Electric usage,2014-12-10,14:00,14:59,0.08,kWh,$0.01,
Electric usage,2014-12-10,15:00,15:59,0.08,kWh,$0.01,
Electric usage,2014-12-10,16:00,16:59,0.15,kWh,$0.01,
Electric usage,2014-12-10,17:00,17:59,0.48,kWh,$0.04,
Electric usage,2014-12-10,18:00,18:59,0.14,kWh,$0.01,
Electric usage,2014-12-10,19:00,19:59,0.61,kWh,$0.05,
Electric usage,2014-12-10,20:00,20:59,1.47,kWh,$0.13,
Electric usage,2014-12-10,21:00,21:59,2.15,kWh,$0.18,
Electric usage,2014-12-10,22:00,22:59,0.76,kWh,$0.07,
Electric usage,2014-12-10,23:00,23:59,0.33,kWh,$0.03,
Electric usage,2014-12-11,00:00,00:59,0.28,kWh,$0.02,
Electric usage,2014-12-11,01:00,01:59,0.61,kWh,$0.05,
Electric usage,2014-12-11,02:00,02:59,0.3,kWh,$0.03,
Electric usage,2014-12-11,03:00,03:59,0.31,kWh,$0.03,
Electric usage,2014-12-11,04:00,04:59,0.33,kWh,$0.03,
Electric usage,2014-12-11,05:00,05:59,0.3,kWh,$0.03,
Electric usage,2014-12-11,06:00,06:59,3.22,kWh,$0.28,
Electric usage,2014-12-11,07:00,07:59,2.38,kWh,$0.2,
Electric usage,2014-12-11,08:00,08:59,0.12,kWh,$0.01,
Electric usage,2014-12-11,09:00,09:59,0.49,kWh,$0.04,
Electric usage,2014-12-11,10:00,10:59,0.09,kWh,$0.01,
Electric usage,2014-12-11,11:00,11:59,0.08,kWh,$0.01,
Electric usage,2014-12-11,12:00,12:59,0.45,kWh,$0.04,
Electric usage,2014-12-11,13:00,13:59,0.09,kWh,$0.01,
Electric usage,2014-12-11,14:00,14:59,0.08,kWh,$0.01,
Electric usage,2014-12-11,15:00,15:59,0.09,kWh,$0.01,
Electric usage,2014-12-11,16:00,16:59,0.12,kWh,$0.01,
Electric usage,2014-12-11,17:00,17:59,0.5,kWh,$0.04,
Electric usage,2014-12-11,18:00,18:59,0.15,kWh,$0.01,
Electric usage,2014-12-11,19:00,19:59,0.16,kWh,$0.01,
Electric usage,2014-12-11,20:00,20:59,0.71,kWh,$0.06,
Electric usage,2014-12-11,21:00,21:59,0.49,kWh,$0.04,
Electric usage,2014-12-11,22:00,22:59,0.39,kWh,$0.03,
Electric usage,2014-12-11,23:00,23:59,0.32,kWh,$0.03,
Electric usage,2014-12-12,00:00,00:59,0.3,kWh,$0.03,
Electric usage,2014-12-12,01:00,01:59,0.68,kWh,$0.06,
Electric usage,2014-12-12,02:00,02:59,0.3,kWh,$0.03,
Electric usage,2014-12-12,03:00,03:59,0.31,kWh,$0.03,
Electric usage,2014-12-12,04:00,04:59,0.28,kWh,$0.02,
Electric usage,2014-12-12,05:00,05:59,1.38,kWh,$0.12,
Electric usage,2014-12-12,06:00,06:59,1.78,kWh,$0.15,
Electric usage,2014-12-12,07:00,07:59,1.91,kWh,$0.16,
Electric usage,2014-12-12,08:00,08:59,0.08,kWh,$0.01,
Electric usage,2014-12-12,09:00,09:59,0.49,kWh,$0.04,
Electric usage,2014-12-12,10:00,10:59,0.08,kWh,$0.01,
Electric usage,2014-12-12,11:00,11:59,0.07,kWh,$0.01,
Electric usage,2014-12-12,12:00,12:59,0.43,kWh,$0.04,
Electric usage,2014-12-12,13:00,13:59,0.07,kWh,$0.01,
Electric usage,2014-12-12,14:00,14:59,0.08,kWh,$0.01,
Electric usage,2014-12-12,15:00,15:59,0.08,kWh,$0.01,
Electric usage,2014-12-12,16:00,16:59,0.08,kWh,$0.01,
Electric usage,2014-12-12,17:00,17:59,0.63,kWh,$0.05,
Electric usage,2014-12-12,18:00,18:59,0.1,kWh,$0.01,
Electric usage,2014-12-12,19:00,19:59,0.59,kWh,$0.05,
Electric usage,2014-12-12,20:00,20:59,0.46,kWh,$0.04,
Electric usage,2014-12-12,21:00,21:59,0.4,kWh,$0.03,
Electric usage,2014-12-12,22:00,22:59,0.32,kWh,$0.03,
Electric usage,2014-12-12,23:00,23:59,0.31,kWh,$0.03,
Electric usage,2014-12-13,00:00,00:59,0.3,kWh,$0.03,
Electric usage,2014-12-13,01:00,01:59,0.64,kWh,$0.06,
Electric usage,2014-12-13,02:00,02:59,0.26,kWh,$0.02,
Electric usage,2014-12-13,03:00,03:59,0.29,kWh,$0.02,
Electric usage,2014-12-13,04:00,04:59,0.28,kWh,$0.02,
Electric usage,2014-12-13,05:00,05:59,0.26,kWh,$0.02,
Electric usage,2014-12-13,06:00,06:59,0.3,kWh,$0.03,
Electric usage,2014-12-13,07:00,07:59,0.96,kWh,$0.08,
Electric usage,2014-12-13,08:00,08:59,0.46,kWh,$0.04,
Electric usage,2014-12-13,09:00,09:59,2.24,kWh,$0.19,
Electric usage,2014-12-13,10:00,10:59,6.02,kWh,$0.52,
Electric usage,2014-12-13,11:00,11:59,4.62,kWh,$0.4,
Electric usage,2014-12-13,12:00,12:59,4.97,kWh,$0.43,
Electric usage,2014-12-13,13:00,13:59,0.3,kWh,$0.03,
Electric usage,2014-12-13,14:00,14:59,0.32,kWh,$0.03,
Electric usage,2014-12-13,15:00,15:59,0.62,kWh,$0.05,
Electric usage,2014-12-13,16:00,16:59,1.03,kWh,$0.09,
Electric usage,2014-12-13,17:00,17:59,0.54,kWh,$0.05,
Electric usage,2014-12-13,18:00,18:59,0.23,kWh,$0.02,
Electric usage,2014-12-13,19:00,19:59,0.24,kWh,$0.02,
Electric usage,2014-12-13,20:00,20:59,0.24,kWh,$0.02,
Electric usage,2014-12-13,21:00,21:59,0.58,kWh,$0.05,
Electric usage,2014-12-13,22:00,22:59,0.25,kWh,$0.02,
Electric usage,2014-12-13,23:00,23:59,0.24,kWh,$0.02,
Electric usage,2014-12-14,00:00,00:59,0.24,kWh,$0.02,
Electric usage,2014-12-14,01:00,01:59,0.23,kWh,$0.02,
Electric usage,2014-12-14,02:00,02:59,0.24,kWh,$0.02,
Electric usage,2014-12-14,03:00,03:59,0.61,kWh,$0.05,
Electric usage,2014-12-14,04:00,04:59,0.24,kWh,$0.02,
Electric usage,2014-12-14,05:00,05:59,0.24,kWh,$0.02,
Electric usage,2014-12-14,06:00,06:59,0.24,kWh,$0.02,
Electric usage,2014-12-14,07:00,07:59,0.24,kWh,$0.02,
Electric usage,2014-12-14,08:00,08:59,0.28,kWh,$0.02,
Electric usage,2014-12-14,09:00,09:59,1.35,kWh,$0.12,
Electric usage,2014-12-14,10:00,10:59,1.38,kWh,$0.12,
Electric usage,2014-12-14,11:00,11:59,0.25,kWh,$0.02,
Electric usage,2014-12-14,12:00,12:59,0.59,kWh,$0.05,
Electric usage,2014-12-14,13:00,13:59,0.38,kWh,$0.03,
Electric usage,2014-12-14,14:00,14:59,0.84,kWh,$0.07,
Electric usage,2014-12-14,15:00,15:59,1.33,kWh,$0.11,
Electric usage,2014-12-14,16:00,16:59,1,kWh,$0.09,
Electric usage,2014-12-14,17:00,17:59,1.19,kWh,$0.1,
Electric usage,2014-12-14,18:00,18:59,2.17,kWh,$0.19,
Electric usage,2014-12-14,19:00,19:59,2.41,kWh,$0.21,
Electric usage,2014-12-14,20:00,20:59,2.59,kWh,$0.22,
Electric usage,2014-12-14,21:00,21:59,0.89,kWh,$0.08,
Electric usage,2014-12-14,22:00,22:59,0.21,kWh,$0.02,
Electric usage,2014-12-14,23:00,23:59,0.54,kWh,$0.05,
Electric usage,2014-12-15,00:00,00:59,0.22,kWh,$0.02,
Electric usage,2014-12-15,01:00,01:59,0.19,kWh,$0.02,
Electric usage,2014-12-15,02:00,02:59,0.22,kWh,$0.02,
Electric usage,2014-12-15,03:00,03:59,0.19,kWh,$0.02,
Electric usage,2014-12-15,04:00,04:59,0.54,kWh,$0.05,
Electric usage,2014-12-15,05:00,05:59,0.2,kWh,$0.02,
Electric usage,2014-12-15,06:00,06:59,3.26,kWh,$0.28,
Electric usage,2014-12-15,07:00,07:59,2.41,kWh,$0.21,
Electric usage,2014-12-15,08:00,08:59,0.08,kWh,$0.01,
Electric usage,2014-12-15,09:00,09:59,0.49,kWh,$0.04,
Electric usage,2014-12-15,10:00,10:59,0.08,kWh,$0.01,
Electric usage,2014-12-15,11:00,11:59,0.08,kWh,$0.01,
Electric usage,2014-12-15,12:00,12:59,0.43,kWh,$0.04,
Electric usage,2014-12-15,13:00,13:59,0.08,kWh,$0.01,
Electric usage,2014-12-15,14:00,14:59,0.08,kWh,$0.01,
Electric usage,2014-12-15,15:00,15:59,0.08,kWh,$0.01,
Electric usage,2014-12-15,16:00,16:59,0.08,kWh,$0.01,
Electric usage,2014-12-15,17:00,17:59,0.08,kWh,$0.01,
Electric usage,2014-12-15,18:00,18:59,0.45,kWh,$0.04,
Electric usage,2014-12-15,19:00,19:59,0.7,kWh,$0.06,
Electric usage,2014-12-15,20:00,20:59,0.89,kWh,$0.08,
Electric usage,2014-12-15,21:00,21:59,0.14,kWh,$0.01,
Electric usage,2014-12-15,22:00,22:59,0.11,kWh,$0.01,
Electric usage,2014-12-15,23:00,23:59,0.43,kWh,$0.04,
Electric usage,2014-12-16,00:00,00:59,0.09,kWh,$0.01,
Electric usage,2014-12-16,01:00,01:59,0.09,kWh,$0.01,
Electric usage,2014-12-16,02:00,02:59,0.11,kWh,$0.01,
Electric usage,2014-12-16,03:00,03:59,0.26,kWh,$0.02,
Electric usage,2014-12-16,04:00,04:59,0.31,kWh,$0.03,
Electric usage,2014-12-16,05:00,05:59,0.11,kWh,$0.01,
Electric usage,2014-12-16,06:00,06:59,3.07,kWh,$0.26,
Electric usage,2014-12-16,07:00,07:59,2.2,kWh,$0.19,
Electric usage,2014-12-16,08:00,08:59,0.09,kWh,$0.01,
Electric usage,2014-12-16,09:00,09:59,0.09,kWh,$0.01,
Electric usage,2014-12-16,10:00,10:59,0.42,kWh,$0.04,
Electric usage,2014-12-16,11:00,11:59,0.08,kWh,$0.01,
Electric usage,2014-12-16,12:00,12:59,0.09,kWh,$0.01,
Electric usage,2014-12-16,13:00,13:59,0.09,kWh,$0.01,
Electric usage,2014-12-16,14:00,14:59,0.42,kWh,$0.04,
Electric usage,2014-12-16,15:00,15:59,0.08,kWh,$0.01,
Electric usage,2014-12-16,16:00,16:59,0.08,kWh,$0.01,
Electric usage,2014-12-16,17:00,17:59,0.22,kWh,$0.02,
Electric usage,2014-12-16,18:00,18:59,0.84,kWh,$0.07,
Electric usage,2014-12-16,19:00,19:59,1.49,kWh,$0.13,
Electric usage,2014-12-16,20:00,20:59,1.71,kWh,$0.15,
Electric usage,2014-12-16,21:00,21:59,0.49,kWh,$0.04,
Electric usage,2014-12-16,22:00,22:59,0.6,kWh,$0.05,
Electric usage,2014-12-16,23:00,23:59,0.25,kWh,$0.02,
Electric usage,2014-12-17,00:00,00:59,0.23,kWh,$0.02,
Electric usage,2014-12-17,01:00,01:59,0.24,kWh,$0.02,
Electric usage,2014-12-17,02:00,02:59,0.24,kWh,$0.02,
Electric usage,2014-12-17,03:00,03:59,0.56,kWh,$0.05,
Electric usage,2014-12-17,04:00,04:59,0.2,kWh,$0.02,
Electric usage,2014-12-17,05:00,05:59,0.24,kWh,$0.02,
Electric usage,2014-12-17,06:00,06:59,4.16,kWh,$0.36,
Electric usage,2014-12-17,07:00,07:59,2.4,kWh,$0.21,
Electric usage,2014-12-17,08:00,08:59,0.74,kWh,$0.06,
Electric usage,2014-12-17,09:00,09:59,0.09,kWh,$0.01,
Electric usage,2014-12-17,10:00,10:59,0.44,kWh,$0.04,
Electric usage,2014-12-17,11:00,11:59,0.09,kWh,$0.01,
Electric usage,2014-12-17,12:00,12:59,0.08,kWh,$0.01,
Electric usage,2014-12-17,13:00,13:59,0.08,kWh,$0.01,
Electric usage,2014-12-17,14:00,14:59,0.42,kWh,$0.04,
Electric usage,2014-12-17,15:00,15:59,0.08,kWh,$0.01,
Electric usage,2014-12-17,16:00,16:59,0.08,kWh,$0.01,
Electric usage,2014-12-17,17:00,17:59,0.07,kWh,$0.01,
Electric usage,2014-12-17,18:00,18:59,0.07,kWh,$0.01,
Electric usage,2014-12-17,19:00,19:59,1.47,kWh,$0.13,
Electric usage,2014-12-17,20:00,20:59,1.04,kWh,$0.09,
Electric usage,2014-12-17,21:00,21:59,0.48,kWh,$0.04,
Electric usage,2014-12-17,22:00,22:59,0.3,kWh,$0.03,
Electric usage,2014-12-17,23:00,23:59,0.26,kWh,$0.02,
Electric usage,2014-12-18,00:00,00:59,0.61,kWh,$0.05,
Electric usage,2014-12-18,01:00,01:59,0.28,kWh,$0.02,
Electric usage,2014-12-18,02:00,02:59,0.3,kWh,$0.03,
Electric usage,2014-12-18,03:00,03:59,0.25,kWh,$0.02,
Electric usage,2014-12-18,04:00,04:59,0.26,kWh,$0.02,
Electric usage,2014-12-18,05:00,05:59,0.29,kWh,$0.02,
Electric usage,2014-12-18,06:00,06:59,4.62,kWh,$0.4,
Electric usage,2014-12-18,07:00,07:59,1.06,kWh,$0.09,
Electric usage,2014-12-18,08:00,08:59,0.5,kWh,$0.04,
Electric usage,2014-12-18,09:00,09:59,0.28,kWh,$0.02,
Electric usage,2014-12-18,10:00,10:59,0.11,kWh,$0.01,
Electric usage,2014-12-18,11:00,11:59,0.46,kWh,$0.04,
Electric usage,2014-12-18,12:00,12:59,0.09,kWh,$0.01,
Electric usage,2014-12-18,13:00,13:59,0.08,kWh,$0.01,
Electric usage,2014-12-18,14:00,14:59,0.08,kWh,$0.01,
Electric usage,2014-12-18,15:00,15:59,0.08,kWh,$0.01,
Electric usage,2014-12-18,16:00,16:59,0.44,kWh,$0.04,
Electric usage,2014-12-18,17:00,17:59,0.09,kWh,$0.01,
Electric usage,2014-12-18,18:00,18:59,0.14,kWh,$0.01,
Electric usage,2014-12-18,19:00,19:59,0.67,kWh,$0.06,
Electric usage,2014-12-18,20:00,20:59,1.19,kWh,$0.1,
Electric usage,2014-12-18,21:00,21:59,0.74,kWh,$0.06,
Electric usage,2014-12-18,22:00,22:59,0.39,kWh,$0.03,
Electric usage,2014-12-18,23:00,23:59,0.34,kWh,$0.03,
Electric usage,2014-12-19,00:00,00:59,0.7,kWh,$0.06,
Electric usage,2014-12-19,01:00,01:59,0.28,kWh,$0.02,
Electric usage,2014-12-19,02:00,02:59,0.27,kWh,$0.02,
Electric usage,2014-12-19,03:00,03:59,0.29,kWh,$0.02,
Electric usage,2014-12-19,04:00,04:59,0.29,kWh,$0.03,
Electric usage,2014-12-19,05:00,05:59,2.77,kWh,$0.24,
Electric usage,2014-12-19,06:00,06:59,2.32,kWh,$0.2,
Electric usage,2014-12-19,07:00,07:59,0.39,kWh,$0.03,
Electric usage,2014-12-19,08:00,08:59,0.51,kWh,$0.04,
Electric usage,2014-12-19,09:00,09:59,0.08,kWh,$0.01,
Electric usage,2014-12-19,10:00,10:59,0.08,kWh,$0.01,
Electric usage,2014-12-19,11:00,11:59,0.43,kWh,$0.04,
Electric usage,2014-12-19,12:00,12:59,0.07,kWh,$0.01,
Electric usage,2014-12-19,13:00,13:59,0.07,kWh,$0.01,
Electric usage,2014-12-19,14:00,14:59,0.08,kWh,$0.01,
Electric usage,2014-12-19,15:00,15:59,0.08,kWh,$0.01,
Electric usage,2014-12-19,16:00,16:59,0.45,kWh,$0.04,
Electric usage,2014-12-19,17:00,17:59,0.12,kWh,$0.01,
Electric usage,2014-12-19,18:00,18:59,0.79,kWh,$0.07,
Electric usage,2014-12-19,19:00,19:59,1.11,kWh,$0.1,
Electric usage,2014-12-19,20:00,20:59,0.47,kWh,$0.04,
Electric usage,2014-12-19,21:00,21:59,0.41,kWh,$0.04,
Electric usage,2014-12-19,22:00,22:59,0.36,kWh,$0.03,
Electric usage,2014-12-19,23:00,23:59,0.31,kWh,$0.03,
Electric usage,2014-12-20,00:00,00:59,0.69,kWh,$0.06,
Electric usage,2014-12-20,01:00,01:59,0.3,kWh,$0.03,
Electric usage,2014-12-20,02:00,02:59,0.32,kWh,$0.03,
Electric usage,2014-12-20,03:00,03:59,0.32,kWh,$0.03,
Electric usage,2014-12-20,04:00,04:59,0.3,kWh,$0.03,
Electric usage,2014-12-20,05:00,05:59,0.32,kWh,$0.03,
Electric usage,2014-12-20,06:00,06:59,0.32,kWh,$0.03,
Electric usage,2014-12-20,07:00,07:59,0.8,kWh,$0.07,
Electric usage,2014-12-20,08:00,08:59,0.88,kWh,$0.08,
Electric usage,2014-12-20,09:00,09:59,0.43,kWh,$0.04,
Electric usage,2014-12-20,10:00,10:59,0.31,kWh,$0.03,
Electric usage,2014-12-20,11:00,11:59,0.69,kWh,$0.06,
Electric usage,2014-12-20,12:00,12:59,3.03,kWh,$0.26,
Electric usage,2014-12-20,13:00,13:59,1.78,kWh,$0.15,
Electric usage,2014-12-20,14:00,14:59,0.41,kWh,$0.04,
Electric usage,2014-12-20,15:00,15:59,4.15,kWh,$0.36,
Electric usage,2014-12-20,16:00,16:59,0.94,kWh,$0.08,
Electric usage,2014-12-20,17:00,17:59,0.86,kWh,$0.07,
Electric usage,2014-12-20,18:00,18:59,1.28,kWh,$0.11,
Electric usage,2014-12-20,19:00,19:59,1.12,kWh,$0.1,
Electric usage,2014-12-20,20:00,20:59,0.48,kWh,$0.04,
Electric usage,2014-12-20,21:00,21:59,0.76,kWh,$0.07,
Electric usage,2014-12-20,22:00,22:59,0.42,kWh,$0.04,
Electric usage,2014-12-20,23:00,23:59,0.29,kWh,$0.02,
Electric usage,2014-12-21,00:00,00:59,0.28,kWh,$0.02,
Electric usage,2014-12-21,01:00,01:59,0.61,kWh,$0.05,
Electric usage,2014-12-21,02:00,02:59,0.29,kWh,$0.02,
Electric usage,2014-12-21,03:00,03:59,0.27,kWh,$0.02,
Electric usage,2014-12-21,04:00,04:59,0.26,kWh,$0.02,
Electric usage,2014-12-21,05:00,05:59,0.28,kWh,$0.02,
Electric usage,2014-12-21,06:00,06:59,0.29,kWh,$0.02,
Electric usage,2014-12-21,07:00,07:59,1.8,kWh,$0.15,
Electric usage,2014-12-21,08:00,08:59,1.72,kWh,$0.15,
Electric usage,2014-12-21,09:00,09:59,2.12,kWh,$0.18,
Electric usage,2014-12-21,10:00,10:59,6.95,kWh,$0.6,
Electric usage,2014-12-21,11:00,11:59,1.91,kWh,$0.16,
Electric usage,2014-12-21,12:00,12:59,0.86,kWh,$0.07,
Electric usage,2014-12-21,13:00,13:59,1.17,kWh,$0.1,
Electric usage,2014-12-21,14:00,14:59,0.24,kWh,$0.02,
Electric usage,2014-12-21,15:00,15:59,0.23,kWh,$0.02,
Electric usage,2014-12-21,16:00,16:59,2.31,kWh,$0.2,
Electric usage,2014-12-21,17:00,17:59,0.87,kWh,$0.07,
Electric usage,2014-12-21,18:00,18:59,1.46,kWh,$0.13,
Electric usage,2014-12-21,19:00,19:59,2.43,kWh,$0.21,
Electric usage,2014-12-21,20:00,20:59,1.34,kWh,$0.11,
Electric usage,2014-12-21,21:00,21:59,2.39,kWh,$0.21,
Electric usage,2014-12-21,22:00,22:59,0.23,kWh,$0.02,
Electric usage,2014-12-21,23:00,23:59,0.61,kWh,$0.05,
Electric usage,2014-12-22,00:00,00:59,0.24,kWh,$0.02,
Electric usage,2014-12-22,01:00,01:59,0.29,kWh,$0.02,
Electric usage,2014-12-22,02:00,02:59,0.26,kWh,$0.02,
Electric usage,2014-12-22,03:00,03:59,0.29,kWh,$0.02,
Electric usage,2014-12-22,04:00,04:59,0.64,kWh,$0.06,
Electric usage,2014-12-22,05:00,05:59,0.24,kWh,$0.02,
Electric usage,2014-12-22,06:00,06:59,2.33,kWh,$0.2,
Electric usage,2014-12-22,07:00,07:59,0.67,kWh,$0.06,
Electric usage,2014-12-22,08:00,08:59,0.81,kWh,$0.07,
Electric usage,2014-12-22,09:00,09:59,0.72,kWh,$0.06,
Electric usage,2014-12-22,10:00,10:59,4.01,kWh,$0.34,
Electric usage,2014-12-22,11:00,11:59,0.96,kWh,$0.08,
Electric usage,2014-12-22,12:00,12:59,1.44,kWh,$0.12,
Electric usage,2014-12-22,13:00,13:59,0.46,kWh,$0.04,
Electric usage,2014-12-22,14:00,14:59,0.98,kWh,$0.08,
Electric usage,2014-12-22,15:00,15:59,0.56,kWh,$0.05,
Electric usage,2014-12-22,16:00,16:59,0.34,kWh,$0.03,
Electric usage,2014-12-22,17:00,17:59,0.22,kWh,$0.02,
Electric usage,2014-12-22,18:00,18:59,0.61,kWh,$0.05,
Electric usage,2014-12-22,19:00,19:59,0.26,kWh,$0.02,
Electric usage,2014-12-22,20:00,20:59,0.26,kWh,$0.02,
Electric usage,2014-12-22,21:00,21:59,0.26,kWh,$0.02,
Electric usage,2014-12-22,22:00,22:59,0.25,kWh,$0.02,
Electric usage,2014-12-22,23:00,23:59,0.25,kWh,$0.02,
Electric usage,2014-12-23,00:00,00:59,0.62,kWh,$0.05,
Electric usage,2014-12-23,01:00,01:59,0.25,kWh,$0.02,
Electric usage,2014-12-23,02:00,02:59,0.24,kWh,$0.02,
Electric usage,2014-12-23,03:00,03:59,0.24,kWh,$0.02,
Electric usage,2014-12-23,04:00,04:59,0.25,kWh,$0.02,
Electric usage,2014-12-23,05:00,05:59,0.25,kWh,$0.02,
Electric usage,2014-12-23,06:00,06:59,0.25,kWh,$0.02,
Electric usage,2014-12-23,07:00,07:59,0.25,kWh,$0.02,
Electric usage,2014-12-23,08:00,08:59,0.68,kWh,$0.06,
Electric usage,2014-12-23,09:00,09:59,0.24,kWh,$0.02,
Electric usage,2014-12-23,10:00,10:59,0.24,kWh,$0.02,
Electric usage,2014-12-23,11:00,11:59,0.25,kWh,$0.02,
Electric usage,2014-12-23,12:00,12:59,0.26,kWh,$0.02,
Electric usage,2014-12-23,13:00,13:59,0.26,kWh,$0.02,
Electric usage,2014-12-23,14:00,14:59,0.25,kWh,$0.02,
Electric usage,2014-12-23,15:00,15:59,0.26,kWh,$0.02,
Electric usage,2014-12-23,16:00,16:59,0.69,kWh,$0.06,
Electric usage,2014-12-23,17:00,17:59,0.24,kWh,$0.02,
Electric usage,2014-12-23,18:00,18:59,0.25,kWh,$0.02,
Electric usage,2014-12-23,19:00,19:59,0.26,kWh,$0.02,
Electric usage,2014-12-23,20:00,20:59,0.25,kWh,$0.02,
Electric usage,2014-12-23,21:00,21:59,0.24,kWh,$0.02,
Electric usage,2014-12-23,22:00,22:59,0.1,kWh,$0.01,
Electric usage,2014-12-23,23:00,23:59,0.09,kWh,$0.01,
Electric usage,2014-12-24,00:00,00:59,0.08,kWh,$0.01,
Electric usage,2014-12-24,01:00,01:59,0.55,kWh,$0.05,
Electric usage,2014-12-24,02:00,02:59,0.1,kWh,$0.01,
Electric usage,2014-12-24,03:00,03:59,0.1,kWh,$0.01,
Electric usage,2014-12-24,04:00,04:59,0.1,kWh,$0.01,
Electric usage,2014-12-24,05:00,05:59,0.1,kWh,$0.01,
Electric usage,2014-12-24,06:00,06:59,0.1,kWh,$0.01,
Electric usage,2014-12-24,07:00,07:59,0.09,kWh,$0.01,
Electric usage,2014-12-24,08:00,08:59,0.08,kWh,$0.01,
Electric usage,2014-12-24,09:00,09:59,0.1,kWh,$0.01,
Electric usage,2014-12-24,10:00,10:59,0.56,kWh,$0.05,
Electric usage,2014-12-24,11:00,11:59,0.1,kWh,$0.01,
Electric usage,2014-12-24,12:00,12:59,0.1,kWh,$0.01,
Electric usage,2014-12-24,13:00,13:59,0.1,kWh,$0.01,
Electric usage,2014-12-24,14:00,14:59,0.1,kWh,$0.01,
Electric usage,2014-12-24,15:00,15:59,0.09,kWh,$0.01,
Electric usage,2014-12-24,16:00,16:59,0.08,kWh,$0.01,
Electric usage,2014-12-24,17:00,17:59,0.1,kWh,$0.01,
Electric usage,2014-12-24,18:00,18:59,0.1,kWh,$0.01,
Electric usage,2014-12-24,19:00,19:59,0.56,kWh,$0.05,
Electric usage,2014-12-24,20:00,20:59,0.14,kWh,$0.01,
Electric usage,2014-12-24,21:00,21:59,0.26,kWh,$0.02,
Electric usage,2014-12-24,22:00,22:59,0.26,kWh,$0.02,
Electric usage,2014-12-24,23:00,23:59,0.26,kWh,$0.02,
Electric usage,2014-12-25,00:00,00:59,0.24,kWh,$0.02,
Electric usage,2014-12-25,01:00,01:59,0.24,kWh,$0.02,
Electric usage,2014-12-25,02:00,02:59,0.26,kWh,$0.02,
Electric usage,2014-12-25,03:00,03:59,0.26,kWh,$0.02,
Electric usage,2014-12-25,04:00,04:59,0.26,kWh,$0.02,
Electric usage,2014-12-25,05:00,05:59,0.71,kWh,$0.06,
Electric usage,2014-12-25,06:00,06:59,0.26,kWh,$0.02,
Electric usage,2014-12-25,07:00,07:59,0.26,kWh,$0.02,
Electric usage,2014-12-25,08:00,08:59,0.25,kWh,$0.02,
Electric usage,2014-12-25,09:00,09:59,0.24,kWh,$0.02,
Electric usage,2014-12-25,10:00,10:59,0.25,kWh,$0.02,
Electric usage,2014-12-25,11:00,11:59,0.26,kWh,$0.02,
Electric usage,2014-12-25,12:00,12:59,0.26,kWh,$0.02,
Electric usage,2014-12-25,13:00,13:59,0.71,kWh,$0.06,
Electric usage,2014-12-25,14:00,14:59,0.26,kWh,$0.02,
Electric usage,2014-12-25,15:00,15:59,0.26,kWh,$0.02,
Electric usage,2014-12-25,16:00,16:59,0.25,kWh,$0.02,
Electric usage,2014-12-25,17:00,17:59,0.23,kWh,$0.02,
Electric usage,2014-12-25,18:00,18:59,0.25,kWh,$0.02,
Electric usage,2014-12-25,19:00,19:59,0.25,kWh,$0.02,
Electric usage,2014-12-25,20:00,20:59,0.43,kWh,$0.04,
Electric usage,2014-12-25,21:00,21:59,1.07,kWh,$0.09,
Electric usage,2014-12-25,22:00,22:59,0.67,kWh,$0.06,
Electric usage,2014-12-25,23:00,23:59,0.63,kWh,$0.05,
Electric usage,2014-12-26,00:00,00:59,0.62,kWh,$0.05,
Electric usage,2014-12-26,01:00,01:59,0.62,kWh,$0.05,
Electric usage,2014-12-26,02:00,02:59,0.62,kWh,$0.05,
Electric usage,2014-12-26,03:00,03:59,0.61,kWh,$0.05,
Electric usage,2014-12-26,04:00,04:59,0.62,kWh,$0.05,
Electric usage,2014-12-26,05:00,05:59,0.96,kWh,$0.08,
Electric usage,2014-12-26,06:00,06:59,0.73,kWh,$0.06,
Electric usage,2014-12-26,07:00,07:59,0.62,kWh,$0.05,
Electric usage,2014-12-26,08:00,08:59,0.63,kWh,$0.05,
Electric usage,2014-12-26,09:00,09:59,0.63,kWh,$0.05,
Electric usage,2014-12-26,10:00,10:59,0.63,kWh,$0.05,
Electric usage,2014-12-26,11:00,11:59,0.61,kWh,$0.05,
Electric usage,2014-12-26,12:00,12:59,0.61,kWh,$0.05,
Electric usage,2014-12-26,13:00,13:59,0.98,kWh,$0.08,
Electric usage,2014-12-26,14:00,14:59,0.72,kWh,$0.06,
Electric usage,2014-12-26,15:00,15:59,0.63,kWh,$0.05,
Electric usage,2014-12-26,16:00,16:59,0.62,kWh,$0.05,
Electric usage,2014-12-26,17:00,17:59,0.6,kWh,$0.05,
Electric usage,2014-12-26,18:00,18:59,0.46,kWh,$0.04,
Electric usage,2014-12-26,19:00,19:59,0.1,kWh,$0.01,
Electric usage,2014-12-26,20:00,20:59,0.1,kWh,$0.01,
Electric usage,2014-12-26,21:00,21:59,0.53,kWh,$0.05,
Electric usage,2014-12-26,22:00,22:59,0.1,kWh,$0.01,
Electric usage,2014-12-26,23:00,23:59,0.08,kWh,$0.01,
Electric usage,2014-12-27,00:00,00:59,0.09,kWh,$0.01,
Electric usage,2014-12-27,01:00,01:59,0.1,kWh,$0.01,
Electric usage,2014-12-27,02:00,02:59,0.1,kWh,$0.01,
Electric usage,2014-12-27,03:00,03:59,0.1,kWh,$0.01,
Electric usage,2014-12-27,04:00,04:59,0.52,kWh,$0.04,
Electric usage,2014-12-27,05:00,05:59,0.08,kWh,$0.01,
Electric usage,2014-12-27,06:00,06:59,0.1,kWh,$0.01,
Electric usage,2014-12-27,07:00,07:59,0.1,kWh,$0.01,
Electric usage,2014-12-27,08:00,08:59,0.13,kWh,$0.01,
Electric usage,2014-12-27,09:00,09:59,0.07,kWh,$0.01,
Electric usage,2014-12-27,10:00,10:59,0.1,kWh,$0.01,
Electric usage,2014-12-27,11:00,11:59,0.1,kWh,$0.01,
Electric usage,2014-12-27,12:00,12:59,0.56,kWh,$0.05,
Electric usage,2014-12-27,13:00,13:59,0.1,kWh,$0.01,
Electric usage,2014-12-27,14:00,14:59,0.07,kWh,$0.01,
Electric usage,2014-12-27,15:00,15:59,0.1,kWh,$0.01,
Electric usage,2014-12-27,16:00,16:59,0.1,kWh,$0.01,
Electric usage,2014-12-27,17:00,17:59,0.1,kWh,$0.01,
Electric usage,2014-12-27,18:00,18:59,0.09,kWh,$0.01,
Electric usage,2014-12-27,19:00,19:59,0.07,kWh,$0.01,
Electric usage,2014-12-27,20:00,20:59,0.1,kWh,$0.01,
Electric usage,2014-12-27,21:00,21:59,0.54,kWh,$0.05,
Electric usage,2014-12-27,22:00,22:59,0.1,kWh,$0.01,
Electric usage,2014-12-27,23:00,23:59,0.1,kWh,$0.01,
Electric usage,2014-12-28,00:00,00:59,0.08,kWh,$0.01,
Electric usage,2014-12-28,01:00,01:59,0.08,kWh,$0.01,
Electric usage,2014-12-28,02:00,02:59,0.1,kWh,$0.01,
Electric usage,2014-12-28,03:00,03:59,0.1,kWh,$0.01,
Electric usage,2014-12-28,04:00,04:59,0.1,kWh,$0.01,
Electric usage,2014-12-28,05:00,05:59,0.55,kWh,$0.05,
Electric usage,2014-12-28,06:00,06:59,0.07,kWh,$0.01,
Electric usage,2014-12-28,07:00,07:59,0.1,kWh,$0.01,
Electric usage,2014-12-28,08:00,08:59,0.1,kWh,$0.01,
Electric usage,2014-12-28,09:00,09:59,0.1,kWh,$0.01,
Electric usage,2014-12-28,10:00,10:59,0.09,kWh,$0.01,
Electric usage,2014-12-28,11:00,11:59,0.07,kWh,$0.01,
Electric usage,2014-12-28,12:00,12:59,0.09,kWh,$0.01,
Electric usage,2014-12-28,13:00,13:59,0.1,kWh,$0.01,
Electric usage,2014-12-28,14:00,14:59,0.54,kWh,$0.05,
Electric usage,2014-12-28,15:00,15:59,0.1,kWh,$0.01,
Electric usage,2014-12-28,16:00,16:59,0.09,kWh,$0.01,
Electric usage,2014-12-28,17:00,17:59,0.08,kWh,$0.01,
Electric usage,2014-12-28,18:00,18:59,0.44,kWh,$0.04,
Electric usage,2014-12-28,19:00,19:59,0.62,kWh,$0.05,
Electric usage,2014-12-28,20:00,20:59,0.63,kWh,$0.05,
Electric usage,2014-12-28,21:00,21:59,0.63,kWh,$0.05,
Electric usage,2014-12-28,22:00,22:59,0.63,kWh,$0.05,
Electric usage,2014-12-28,23:00,23:59,1.09,kWh,$0.09,
Electric usage,2014-12-29,00:00,00:59,0.62,kWh,$0.05,
Electric usage,2014-12-29,01:00,01:59,0.62,kWh,$0.05,
Electric usage,2014-12-29,02:00,02:59,0.62,kWh,$0.05,
Electric usage,2014-12-29,03:00,03:59,0.62,kWh,$0.05,
Electric usage,2014-12-29,04:00,04:59,0.62,kWh,$0.05,
Electric usage,2014-12-29,05:00,05:59,0.61,kWh,$0.05,
Electric usage,2014-12-29,06:00,06:59,0.6,kWh,$0.05,
Electric usage,2014-12-29,07:00,07:59,1.07,kWh,$0.09,
Electric usage,2014-12-29,08:00,08:59,0.62,kWh,$0.05,
Electric usage,2014-12-29,09:00,09:59,0.62,kWh,$0.05,
Electric usage,2014-12-29,10:00,10:59,0.62,kWh,$0.05,
Electric usage,2014-12-29,11:00,11:59,0.6,kWh,$0.05,
Electric usage,2014-12-29,12:00,12:59,0.61,kWh,$0.05,
Electric usage,2014-12-29,13:00,13:59,0.63,kWh,$0.05,
Electric usage,2014-12-29,14:00,14:59,0.62,kWh,$0.05,
Electric usage,2014-12-29,15:00,15:59,1.08,kWh,$0.09,
Electric usage,2014-12-29,16:00,16:59,0.62,kWh,$0.05,
Electric usage,2014-12-29,17:00,17:59,0.59,kWh,$0.05,
Electric usage,2014-12-29,18:00,18:59,0.22,kWh,$0.02,
Electric usage,2014-12-29,19:00,19:59,0.1,kWh,$0.01,
Electric usage,2014-12-29,20:00,20:59,0.54,kWh,$0.05,
Electric usage,2014-12-29,21:00,21:59,1.72,kWh,$0.15,
Electric usage,2014-12-29,22:00,22:59,0.39,kWh,$0.03,
Electric usage,2014-12-29,23:00,23:59,0.29,kWh,$0.02,
Electric usage,2014-12-30,00:00,00:59,0.27,kWh,$0.02,
Electric usage,2014-12-30,01:00,01:59,0.62,kWh,$0.05,
Electric usage,2014-12-30,02:00,02:59,0.25,kWh,$0.02,
Electric usage,2014-12-30,03:00,03:59,0.24,kWh,$0.02,
Electric usage,2014-12-30,04:00,04:59,0.25,kWh,$0.02,
Electric usage,2014-12-30,05:00,05:59,0.26,kWh,$0.02,
Electric usage,2014-12-30,06:00,06:59,3.86,kWh,$0.33,
Electric usage,2014-12-30,07:00,07:59,1.08,kWh,$0.09,
Electric usage,2014-12-30,08:00,08:59,2.2,kWh,$0.19,
Electric usage,2014-12-30,09:00,09:59,0.84,kWh,$0.07,
Electric usage,2014-12-30,10:00,10:59,0.52,kWh,$0.04,
Electric usage,2014-12-30,11:00,11:59,0.5,kWh,$0.04,
Electric usage,2014-12-30,12:00,12:59,0.68,kWh,$0.06,
Electric usage,2014-12-30,13:00,13:59,0.36,kWh,$0.03,
Electric usage,2014-12-30,14:00,14:59,0.27,kWh,$0.02,
Electric usage,2014-12-30,15:00,15:59,4.04,kWh,$0.35,
Electric usage,2014-12-30,16:00,16:59,1,kWh,$0.09,
Electric usage,2014-12-30,17:00,17:59,0.27,kWh,$0.02,
Electric usage,2014-12-30,18:00,18:59,0.24,kWh,$0.02,
Electric usage,2014-12-30,19:00,19:59,2.21,kWh,$0.19,
Electric usage,2014-12-30,20:00,20:59,2.3,kWh,$0.2,
Electric usage,2014-12-30,21:00,21:59,0.96,kWh,$0.08,
Electric usage,2014-12-30,22:00,22:59,0.58,kWh,$0.05,
Electric usage,2014-12-30,23:00,23:59,0.45,kWh,$0.04,
Electric usage,2014-12-31,00:00,00:59,0.27,kWh,$0.04,
Electric usage,2014-12-31,01:00,01:59,0.3,kWh,$0.04,
Electric usage,2014-12-31,02:00,02:59,0.28,kWh,$0.04,
Electric usage,2014-12-31,03:00,03:59,0.31,kWh,$0.04,
Electric usage,2014-12-31,04:00,04:59,0.31,kWh,$0.04,
Electric usage,2014-12-31,05:00,05:59,0.62,kWh,$0.08,
Electric usage,2014-12-31,06:00,06:59,2.76,kWh,$0.36,
Electric usage,2014-12-31,07:00,07:59,1.32,kWh,$0.17,
Electric usage,2014-12-31,08:00,08:59,1.08,kWh,$0.14,
Electric usage,2014-12-31,09:00,09:59,1.2,kWh,$0.16,
Electric usage,2014-12-31,10:00,10:59,3.02,kWh,$0.4,
Electric usage,2014-12-31,11:00,11:59,1.4,kWh,$0.18,
Electric usage,2014-12-31,12:00,12:59,1.1,kWh,$0.14,
Electric usage,2014-12-31,13:00,13:59,1.05,kWh,$0.14,
Electric usage,2014-12-31,14:00,14:59,0.79,kWh,$0.1,
Electric usage,2014-12-31,15:00,15:59,0.32,kWh,$0.04,
Electric usage,2014-12-31,16:00,16:59,1.73,kWh,$0.23,
Electric usage,2014-12-31,17:00,17:59,2.57,kWh,$0.34,
Electric usage,2014-12-31,18:00,18:59,2.79,kWh,$0.37,
Electric usage,2014-12-31,19:00,19:59,0.98,kWh,$0.13,
Electric usage,2014-12-31,20:00,20:59,0.38,kWh,$0.05,
Electric usage,2014-12-31,21:00,21:59,0.66,kWh,$0.09,
Electric usage,2014-12-31,22:00,22:59,0.3,kWh,$0.04,
Electric usage,2014-12-31,23:00,23:59,0.3,kWh,$0.04,